ID,Titre,Prix,Date de publication,Année,Type de carburant,Transmission,Créateur,Type de véhicule,Secteur,Kilométrage,Marque,Modèle,Nombre de portes,Origine,Première main,Puissance fiscale,État,Équipements,Ville du vendeur,Dossier d'images
1,Mini-pelle P14 – 1450 kg NEUVE AVEC GARANTIE 1 AN,96 147 DH,2025-02-28 00:02:32,N/A,N/A,N/A,EUROPELLES,"Engins BTP, à vendre",Sidi Moumen,N/A,N/A,N/A,N/A,N/A,N/A,N/A,N/A,N/A,Casablanca,1_Mini-pelle_P14_1450_kg_NEUVE_AVEC_GARANTIE_1_AN
2,Hyuandai santafee a louer,Prix non spécifié,2025-02-27 23:57:32,N/A,N/A,N/A,vog car,"Voitures de location, à louer",Anfa,N/A,N/A,N/A,N/A,N/A,N/A,N/A,N/A,N/A,Casablanca,2_Hyuandai_santafee_a_louer
3,Ford Fiesta diwana,72 000 DH,2025-02-27 23:58:32,2008,Diesel,Manuelle,AUTO DOUBLE VOIE ShopBadge Icon,"Voitures d'occasion, à vendre",Toute la ville,200 000 - 249 999,Ford,Fiesta,5,Dédouanée,N/A,6 CV,Bon,"ABS, Airbags, Climatisation, Jantes Aluminium, Verrouillage Centralisé À Distance, Vitres Électriques",Ain Harrouda,3_Ford_Fiesta_diwana
4,Hyundai i10,150 DH,2025-02-27 23:55:33,N/A,N/A,N/A,Eksen Cars OfficeShopBadge Icon,"Voitures de location, à louer",Ain Mezouar,N/A,N/A,N/A,N/A,N/A,N/A,N/A,N/A,N/A,Marrakech,4_Hyundai_i10
5,Hyundai Tucson modèle 2022,258 000 DH,2025-02-27 23:59:33,2022,Diesel,Automatique,salek automotiveShopBadge Icon,"Voitures d'occasion, à vendre",Ain Sebaa,90 000 - 94 999,Hyundai,Tucson,5,WW au Maroc,Oui,6 CV,Excellent,"ABS, Airbags, CD/MP3/Bluetooth, Caméra De Recul, Climatisation, ESP, Jantes Aluminium, Limiteur De Vitesse, Ordinateur De Bord, Radar De Recul, Régulateur De Vitesse, Système De Navigation/GPS, Verrouillage Centralisé À Distance, Vitres Électriques",Casablanca,5_Hyundai_Tucson_modèle_2022
6,Jeep Cherokee Diesel Night Eagle 2021 1er Main,269 000 DH,2025-02-27 23:58:33,2021,Diesel,Automatique,MehdiShopBadge Icon,"Voitures d'occasion, à vendre",Bourgogne,40 000 - 44 999,Jeep,Cherokee,5,WW au Maroc,Oui,6 CV,Excellent,"ABS, Airbags, CD/MP3/Bluetooth, Caméra De Recul, Climatisation, ESP, Jantes Aluminium, Limiteur De Vitesse, Ordinateur De Bord, Radar De Recul, Régulateur De Vitesse, Sièges Cuir, Système De Navigation/GPS, Toit Ouvrant, Verrouillage Centralisé À Distance, Vitres Électriques",Casablanca,6_Jeep_Cherokee_Diesel_Night_Eagle_2021_1er_Main
7,Clio 4 Essence,83 000 DH,2025-02-27 23:58:33,2012,Diesel,Manuelle,Marrakech ShopBadge Icon,"Voitures d'occasion, à vendre",Hay Targa,150 000 - 159 999,Renault,Clio,5,WW au Maroc,Non,6 CV,Excellent,"ABS, Airbags, CD/MP3/Bluetooth, Caméra De Recul, Climatisation, ESP, Limiteur De Vitesse, Ordinateur De Bord, Radar De Recul, Régulateur De Vitesse, Sièges Cuir, Système De Navigation/GPS, Verrouillage Centralisé À Distance, Vitres Électriques",Marrakech,7_Clio_4_Essence
8,Hyundai Tucson modèle 2022 toutes options,285 000 DH,2025-02-27 23:57:33,2022,Diesel,Automatique,salek automotiveShopBadge Icon,"Voitures d'occasion, à vendre",Ain Sebaa,110 000 - 119 999,Hyundai,Tucson,5,WW au Maroc,Oui,6 CV,Excellent,"ABS, Airbags, CD/MP3/Bluetooth, Caméra De Recul, Climatisation, ESP, Jantes Aluminium, Limiteur De Vitesse, Ordinateur De Bord, Radar De Recul, Régulateur De Vitesse, Sièges Cuir, Système De Navigation/GPS, Toit Ouvrant, Verrouillage Centralisé À Distance, Vitres Électriques",Casablanca,8_Hyundai_Tucson_modèle_2022_toutes_options
9,Trottinette électrique,6 200 DH,2025-02-27 23:57:33,6 200,N/A,N/A,highperShopBadge Icon,"Vélos, à vendre",Hay Al Farah,N/A,N/A,N/A,N/A,N/A,N/A,N/A,N/A,N/A,Rabat,9_Trottinette_électrique
10,Hyundai Tucson Diesel Automatique 2022,258 000 DH,2025-02-27 23:56:33,2022,Diesel,Automatique,salek automotiveShopBadge Icon,"Voitures d'occasion, à vendre",Ain Sebaa,95 000 - 99 999,Hyundai,Tucson,5,WW au Maroc,Oui,6 CV,Excellent,"ABS, Airbags, CD/MP3/Bluetooth, Caméra De Recul, Climatisation, ESP, Jantes Aluminium, Limiteur De Vitesse, Ordinateur De Bord, Radar De Recul, Régulateur De Vitesse, Système De Navigation/GPS, Verrouillage Centralisé À Distance, Vitres Électriques",Casablanca,10_Hyundai_Tucson_Diesel_Automatique_2022
11,Hyundai Atos,50 000 DH,2025-02-27 23:57:33,2009,Essence,Manuelle,Sara Rachik,"Voitures d'occasion, à vendre",kasbat al mahdia,150 000 - 159 999,Hyundai,Atos,5,WW au Maroc,Non,6 CV,Excellent,"CD/MP3/Bluetooth, Verrouillage Centralisé À Distance",Kénitra,11_Hyundai_Atos
12,Citroën ami pour location,Prix non spécifié,2025-02-27 23:52:34,N/A,N/A,N/A,vog car,"Voitures de location, à louer",Oulfa,N/A,N/A,N/A,N/A,N/A,N/A,N/A,N/A,N/A,Casablanca,12_Citroën_ami_pour_location
13,Mercedes-Benz Classe C Cabriolet Diesel 2016,Prix non spécifié,2025-02-27 23:56:34,2016,Diesel,Automatique,Corniche autoShopBadge Icon,"Voitures d'occasion, à vendre",Anfa,20 000 - 24 999,Mercedes-Benz,Classe C,3,Importée neuve,Oui,9 CV,Excellent,"ABS, Airbags, CD/MP3/Bluetooth, Caméra De Recul, Climatisation, ESP, Jantes Aluminium, Limiteur De Vitesse, Ordinateur De Bord, Radar De Recul, Régulateur De Vitesse, Sièges Cuir, Système De Navigation/GPS, Verrouillage Centralisé À Distance, Vitres Électriques",Casablanca,13_Mercedes-Benz_Classe_C_Cabriolet_Diesel_2016
14,renault clio 4,98 000 DH,2025-02-27 23:57:34,2015,Diesel,Manuelle,Simohammed,"Voitures d'occasion, à vendre",Agdal,85 000 - 89 999,Renault,Clio,5,N/A,Non,6 CV,N/A,N/A,Fès,14_renault_clio_4
15,compas jeep 2008 dewana2016 moteurpassat,Prix non spécifié,2025-02-27 23:56:34,2008,Diesel,Manuelle,Mouhcine Mekano,"Voitures d'occasion, à vendre",Toute la ville,250 000 - 299 999,Jeep,Compass,N/A,Dédouanée,Oui,8 CV,Très bon,"ABS, Airbags, Caméra De Recul, Climatisation, ESP, Jantes Aluminium, Limiteur De Vitesse, Ordinateur De Bord, Radar De Recul, Régulateur De Vitesse, Sièges Cuir, Système De Navigation/GPS, Toit Ouvrant, Verrouillage Centralisé À Distance, Vitres Électriques",Sidi Kacem,15_compas_jeep_2008_dewana2016_moteurpassat
16,clio 4 très bon état 3choure 2017,110 000 DH,2025-02-27 23:56:34,2014,Diesel,Manuelle,توفيق,"Voitures d'occasion, à vendre",Centre Ville,200 000 - 249 999,Renault,Clio,5,Dédouanée,Non,6 CV,Excellent,"ABS, Airbags, CD/MP3/Bluetooth, Caméra De Recul, Climatisation, ESP, Jantes Aluminium, Limiteur De Vitesse, Ordinateur De Bord, Radar De Recul, Régulateur De Vitesse, Système De Navigation/GPS, Toit Ouvrant, Verrouillage Centralisé À Distance, Vitres Électriques",Oujda,16_clio_4_très_bon_état_3choure_2017
17,Jeep Renegade Diesel Automatique 2018 à Rabat,169 000 DH,2025-02-27 23:55:34,2018,Diesel,Automatique,NabilShopBadge Icon,"Voitures d'occasion, à vendre",Autre secteur,100 000 - 109 999,Jeep,Renegade,5,WW au Maroc,Non,6 CV,Excellent,"ABS, Airbags, CD/MP3/Bluetooth, Climatisation, ESP, Jantes Aluminium, Limiteur De Vitesse, Ordinateur De Bord, Radar De Recul, Régulateur De Vitesse, Système De Navigation/GPS, Verrouillage Centralisé À Distance, Vitres Électriques",Rabat,17_Jeep_Renegade_Diesel_Automatique_2018_à_Rabat
18,Clio 4 modèle 2021,Prix non spécifié,2025-02-27 23:53:34,2021,Diesel,Manuelle,siara occazShopBadge Icon,"Voitures d'occasion, à vendre",Hay Al Falah,90 000 - 94 999,Renault,Clio,5,WW au Maroc,Non,6 CV,Excellent,"ABS, Airbags, CD/MP3/Bluetooth, Caméra De Recul, Climatisation, ESP, Jantes Aluminium, Limiteur De Vitesse, Ordinateur De Bord, Radar De Recul, Régulateur De Vitesse, Système De Navigation/GPS, Verrouillage Centralisé À Distance, Vitres Électriques",Mohammedia,18_Clio_4_modèle_2021
19,Peugeot 208 Diesel Manuelle 2024 à Salé,Prix non spécifié,2025-02-27 23:55:34,20,Diesel,Manuelle,AUTO DAHMANI ShopBadge Icon,"Voitures d'occasion, à vendre",Sala El Jadida,5 000 - 9 999,Peugeot,208,5,WW au Maroc,Oui,6 CV,Bon,N/A,Salé,19_Peugeot_208_Diesel_Manuelle_2024_à_Salé
20,Location de voiture aéroport Marrakech,249 DH,2025-02-27 23:51:35,N/A,N/A,N/A,PATH CARShopBadge Icon,"Voitures de location, à louer",Autre secteur,N/A,N/A,N/A,N/A,N/A,N/A,N/A,N/A,N/A,Marrakech,20_Location_de_voiture_aéroport_Marrakech
21,Fiat 500 2007 à 2016 Baguette chromée,Prix non spécifié,2025-02-27 23:51:35,N/A,N/A,N/A,France-Pieces-OKAZShopBadge Icon,"Pièces et accessoires pour véhicules, à vendre",Oulfa,N/A,N/A,N/A,N/A,N/A,N/A,N/A,N/A,N/A,Casablanca,21_Fiat_500_2007_à_2016_Baguette_chromée
22,Location de voiture clio 5,Prix non spécifié,2025-02-27 23:49:35,N/A,N/A,N/A,vog car,"Voitures de location, à louer",Anfa,N/A,N/A,N/A,N/A,N/A,N/A,N/A,N/A,N/A,الدار البيضاء,22_Location_de_voiture_clio_5
23,Jacket avec Pantalon MotoCross,2 500 DH,2025-02-27 23:53:35,N/A,N/A,N/A,highperShopBadge Icon,"Pièces et accessoires pour véhicules, à vendre",Quods,N/A,N/A,N/A,N/A,N/A,N/A,N/A,N/A,N/A,Benslimane,23_Jacket_avec_Pantalon_MotoCross
24,New GLC COUPE 300e hybride essence,Prix non spécifié,2025-02-27 23:51:35,20,Hybride,Automatique,C ZAM AUTO oujdaShopBadge Icon,"Voitures d'occasion, à vendre",Hay El Qods,35 000 - 39 999,Mercedes-Benz,Classe GLC,5,Importée neuve,Oui,8 CV,Neuf,N/A,Oujda,24_New_GLC_COUPE_300e_hybride_essence
25,Location de voiture aéroport Marrakech,249 DH,2025-02-27 23:50:35,N/A,N/A,N/A,PATH CARShopBadge Icon,"Voitures de location, à louer",Autre secteur,N/A,N/A,N/A,N/A,N/A,N/A,N/A,N/A,N/A,Marrakech,25_Location_de_voiture_aéroport_Marrakech
26,Porsche Cayenne coupé,Prix non spécifié,2025-02-27 23:52:35,2021,Hybride,Automatique,Corniche autoShopBadge Icon,"Voitures d'occasion, à vendre",Anfa,35 000 - 39 999,Porsche,Cayenne,5,Importée neuve,Oui,17 CV,Très bon,"ABS, Airbags, CD/MP3/Bluetooth, Caméra De Recul, Climatisation, ESP, Jantes Aluminium, Limiteur De Vitesse, Ordinateur De Bord, Radar De Recul, Régulateur De Vitesse, Sièges Cuir, Système De Navigation/GPS, Toit Ouvrant, Verrouillage Centralisé À Distance, Vitres Électriques",Casablanca,26_Porsche_Cayenne_coupé
27,Ford focus automatic,Prix non spécifié,2025-02-27 23:52:35,2021,Diesel,Automatique,2GKRShopBadge Icon,"Voitures d'occasion, à vendre",Hay Al Massar,80 000 - 84 999,Ford,Focus,5,WW au Maroc,Oui,6 CV,Excellent,"Airbags, Climatisation, Jantes Aluminium, Système De Navigation/GPS",Marrakech,27_Ford_focus_automatic
28,Audi A3 Sline 2025,Prix non spécifié,2025-02-27 23:50:35,2025,Diesel,Automatique,PDAShopBadge Icon,"Voitures d'occasion, à vendre",Riviera,0 - 4 999,Audi,A3,5,WW au Maroc,Oui,8 CV,Neuf,"ABS, Airbags, CD/MP3/Bluetooth, Caméra De Recul, Climatisation, ESP, Jantes Aluminium, Limiteur De Vitesse, Ordinateur De Bord, Radar De Recul, Régulateur De Vitesse, Sièges Cuir, Système De Navigation/GPS, Toit Ouvrant, Verrouillage Centralisé À Distance, Vitres Électriques",Casablanca,28_Audi_A3_Sline_2025
29,golf 7 n9iya,163 000 DH,2025-02-27 23:50:35,2016,Diesel,Manuelle,reda,"Voitures d'occasion, à vendre",Azli,190 000 - 199 999,Volkswagen,Golf 7,5,WW au Maroc,Oui,6 CV,Excellent,Jantes Aluminium,Marrakech,29_golf_7_n9iya
30,clio classique très bon état,50 000 DH,2025-02-27 23:50:36,2008,Essence,Manuelle,توفيق,"Voitures d'occasion, à vendre",Centre Ville,300 000 - 349 999,Renault,Clio,5,WW au Maroc,Non,7 CV,Très bon,"ABS, CD/MP3/Bluetooth, Climatisation, ESP, Ordinateur De Bord, Verrouillage Centralisé À Distance, Vitres Électriques",Oujda,30_clio_classique_très_bon_état
31,docker rymco c50 2017 ba9a n9ia,Prix non spécifié,2025-02-27 23:50:36,2017,N/A,N/A,Bahi walid,"Motos, à vendre",Ben M'sick,N/A,N/A,N/A,N/A,WW au Maroc,Oui,N/A,Très bon,N/A,Casablanca,31_docker_rymco_c50_2017_ba9a_n9ia
32,Jeep Compass Diesel Manuelle 2020 à Rabat,221 500 DH,2025-02-27 23:50:36,2020,Diesel,Manuelle,Ayoub Fanchakkar,"Voitures d'occasion, à vendre",Hay el Fath,150 000 - 159 999,Jeep,Compass,5,WW au Maroc,Oui,6 CV,Très bon,"ABS, Airbags, CD/MP3/Bluetooth, Climatisation, ESP, Jantes Aluminium, Limiteur De Vitesse, Radar De Recul, Régulateur De Vitesse, Vitres Électriques",Rabat,32_Jeep_Compass_Diesel_Manuelle_2020_à_Rabat
33,Kia Sportage Diesel Automatique 2012 à Marrakech,130 000 DH,2025-02-27 23:50:36,2012,Diesel,Automatique,Boucetta,"Voitures d'occasion, à vendre",Allal El Fassi,170 000 - 179 999,Kia,Sportage,5,N/A,Non,8 CV,Très bon,"ABS, Airbags, CD/MP3/Bluetooth, Caméra De Recul, Climatisation, Jantes Aluminium, Radar De Recul, Sièges Cuir, Toit Ouvrant, Verrouillage Centralisé À Distance, Vitres Électriques",Marrakech,33_Kia_Sportage_Diesel_Automatique_2012_à_Marrakech
34,kango modele 2021,150 000 DH,2025-02-27 23:49:36,2021,Diesel,Manuelle,MOHAMED,"Voitures d'occasion, à vendre",Toute la ville,55 000 - 59 999,Renault,Kangoo,N/A,WW au Maroc,N/A,8 CV,N/A,N/A,Souk El Arbaa,34_kango_modele_2021
35,Motocross Automatique 60cc,14 300 DH,2025-02-27 23:48:41,2024,N/A,N/A,highperShopBadge Icon,"Motos, à vendre",Al Boustane,N/A,N/A,N/A,N/A,Importée neuve,Oui,N/A,Neuf,N/A,El Jadida,35_Motocross_Automatique_60cc
36,kIA SELTOS Diesel automatique,198 000 DH,2025-02-27 23:49:41,2022,Diesel,Automatique,Hicham,"Voitures d'occasion, à vendre",Val Fleuri,95 000 - 99 999,Kia,Seltos,5,WW au Maroc,Oui,6 CV,Excellent,"ABS, Airbags, CD/MP3/Bluetooth, Caméra De Recul, Climatisation, ESP, Jantes Aluminium, Limiteur De Vitesse, Ordinateur De Bord, Radar De Recul, Régulateur De Vitesse, Système De Navigation/GPS, Verrouillage Centralisé À Distance, Vitres Électriques",Casablanca,36_kIA_SELTOS_Diesel_automatique
37,GUANTS MOTOCROSS ET QUAD,300 DH,2025-02-27 23:48:41,N/A,N/A,N/A,highperShopBadge Icon,"Pièces et accessoires pour véhicules, à vendre",Fes Jdid,N/A,N/A,N/A,N/A,N/A,N/A,N/A,N/A,N/A,Fès,37_GUANTS_MOTOCROSS_ET_QUAD
38,mini chargeur,Prix non spécifié,2025-02-27 23:47:42,N/A,N/A,N/A,Maroc matérielShopBadge Icon,"Engins BTP, à vendre",2 Mars,N/A,N/A,N/A,N/A,N/A,N/A,N/A,N/A,N/A,Casablanca,38_mini_chargeur
39,Location de voitures,Prix non spécifié,2025-02-27 23:43:42,N/A,N/A,N/A,vog car,"Voitures de location, à louer",Bourgogne,N/A,N/A,N/A,N/A,N/A,N/A,N/A,N/A,N/A,Casablanca,39_Location_de_voitures
40,Location de Megane,Prix non spécifié,2025-02-27 23:43:42,N/A,N/A,N/A,vog car,"Voitures de location, à louer",Anfa,N/A,N/A,N/A,N/A,N/A,N/A,N/A,N/A,N/A,الدار البيضاء,40_Location_de_Megane
41,bikane saprnik x,9 500 DH,2025-02-27 23:48:42,2024,N/A,N/A,Adari Nabil,"Motos, à vendre",El Qaria,N/A,N/A,N/A,N/A,N/A,N/A,N/A,Très bon,ABS/CBS,Salé,41_bikane_saprnik_x
42,"MINI PELLE NEUV 1,9T AVEC GARANTIE",137 000 DH,2025-02-27 23:43:42,N/A,N/A,N/A,EUROPELLES,"Engins BTP, à vendre",Sidi Moumen,N/A,N/A,N/A,N/A,N/A,N/A,N/A,N/A,N/A,Casablanca,42_MINI_PELLE_NEUV_19T_AVEC_GARANTIE
43,Mercedes-Benz 220,105 000 DH,2025-02-27 23:48:42,2006,Diesel,Manuelle,mohammed aissa,"Voitures d'occasion, à vendre",Hay Nahda,200 000 - 249 999,Mercedes-Benz,220,5,Dédouanée,Non,9 CV,Très bon,"ABS, CD/MP3/Bluetooth, Climatisation, ESP, Jantes Aluminium, Limiteur De Vitesse, Ordinateur De Bord, Radar De Recul, Régulateur De Vitesse, Sièges Cuir, Verrouillage Centralisé À Distance, Vitres Électriques",Rabat,43_Mercedes-Benz_220
44,Volkswagen Jetta,77 000 DH,2025-02-27 23:48:42,2007,Diesel,Manuelle,omaima ACH,"Voitures d'occasion, à vendre",Toute la ville,100 000 - 109 999,Volkswagen,Jetta,N/A,N/A,N/A,8 CV,Excellent,N/A,Fnideq,44_Volkswagen_Jetta
45,Ninebot f2 pro neuf,5 500 DH,2025-02-27 23:47:42,N/A,N/A,N/A,Mustapha,"Vélos, à vendre",Hay Karima,N/A,N/A,N/A,N/A,N/A,N/A,N/A,N/A,N/A,Salé,45_Ninebot_f2_pro_neuf
46,motor mzyan,Prix non spécifié,2025-02-27 23:47:42,2024,N/A,N/A,I Izzyx,"Motos, à vendre",Autre secteur,N/A,N/A,N/A,N/A,WW au Maroc,Oui,N/A,Neuf,Antivol,Casablanca,46_motor_mzyan
47,Peugeot 208 a louer,Prix non spécifié,2025-02-27 23:42:42,N/A,N/A,N/A,vog car,"Voitures de location, à louer",2 Mars,N/A,N/A,N/A,N/A,N/A,N/A,N/A,N/A,N/A,Casablanca,47_Peugeot_208_a_louer
48,Citroën Berlingo XTR,125 000 DH,2025-02-27 23:47:42,2014,Diesel,Automatique,anwar,"Voitures d'occasion, à vendre",Toute la ville,250 000 - 299 999,Citroen,Berlingo,5,Importée neuve,Non,6 CV,Excellent,"ABS, Airbags, CD/MP3/Bluetooth, Climatisation, Jantes Aluminium, Limiteur De Vitesse, Radar De Recul, Régulateur De Vitesse, Système De Navigation/GPS, Toit Ouvrant, Verrouillage Centralisé À Distance, Vitres Électriques",Al Hoceima,48_Citroën_Berlingo_XTR
49,Peugeot 407,27 000 DH,2025-02-27 23:47:43,2006,Essence,Manuelle,new user,"Voitures d'occasion, à vendre",El Haouzia,200 000 - 249 999,Peugeot,407,5,WW au Maroc,Non,11 CV,Très bon,"ABS, CD/MP3/Bluetooth, Caméra De Recul, Climatisation, Jantes Aluminium, Limiteur De Vitesse, Ordinateur De Bord, Radar De Recul, Régulateur De Vitesse, Sièges Cuir, Système De Navigation/GPS, Verrouillage Centralisé À Distance",Kénitra,49_Peugeot_407
50,Renault Express,170 000 DH,2025-02-27 23:46:43,2023,Diesel,Manuelle,Hassan,"Voitures d'occasion, à vendre",Riviera,50 000 - 54 999,Renault,Express,5,WW au Maroc,Oui,6 CV,Très bon,"ABS, Airbags, CD/MP3/Bluetooth, Caméra De Recul, Climatisation, ESP, Jantes Aluminium, Limiteur De Vitesse, Ordinateur De Bord, Radar De Recul, Régulateur De Vitesse, Sièges Cuir, Système De Navigation/GPS, Verrouillage Centralisé À Distance, Vitres Électriques",Casablanca,50_Renault_Express
51,Peugeot 3008 Diesel Automatique à Fès,260 000 DH,2025-02-27 23:46:43,2022,Diesel,Automatique,mehdi,"Voitures d'occasion, à vendre",Agdal,95 000 - 99 999,Peugeot,3008,3,WW au Maroc,Oui,8 CV,Excellent,N/A,Fès,51_Peugeot_3008_Diesel_Automatique_à_Fès
52,Mercedes Sprinter,144 000 DH,2025-02-27 23:46:43,N/A,N/A,N/A,abdorazak,"Fourgon et Minibus, à vendre",Toute la ville,N/A,N/A,N/A,N/A,N/A,N/A,N/A,N/A,N/A,Taza,52_Mercedes_Sprinter
53,Volkswagen Passat Essence Automatique 2007,56 000 DH,2025-02-27 23:45:43,2007,Essence,Automatique,Samir,"Voitures d'occasion, à vendre",Hay Mohammadi,150 000 - 159 999,Volkswagen,Passat,5,N/A,Oui,11 CV,Très bon,N/A,Casablanca,53_Volkswagen_Passat_Essence_Automatique_2007
54,Peugeot 206,65 000 DH,2025-02-27 23:45:43,2013,Essence,Manuelle,brahim,"Voitures d'occasion, à vendre",Skikina,120 000 - 129 999,Peugeot,206,5,WW au Maroc,Oui,6 CV,Très bon,"Airbags, CD/MP3/Bluetooth, Climatisation, Verrouillage Centralisé À Distance, Vitres Électriques",Temara,54_Peugeot_206
55,Toyota Corolla Diesel Manuelle 2007 à Laâyoune,67 000 DH,2025-02-27 23:45:43,2007,Diesel,Manuelle,Mohmed Ali Errahouti,"Voitures d'occasion, à vendre",Toute la ville,250 000 - 299 999,Toyota,Corolla,5,WW au Maroc,Non,8 CV,Excellent,"Airbags, Climatisation, Verrouillage Centralisé À Distance, Vitres Électriques",Laâyoune,55_Toyota_Corolla_Diesel_Manuelle_2007_à_Laâyoune
56,Hyundai i30,176 000 DH,2025-02-27 23:45:43,2018,Diesel,Automatique,Hamza,"Voitures d'occasion, à vendre",El Matar,0 - 4 999,Hyundai,i 30,5,WW au Maroc,Oui,6 CV,Très bon,"ABS, Airbags, CD/MP3/Bluetooth, Caméra De Recul, Climatisation, ESP, Jantes Aluminium, Limiteur De Vitesse, Ordinateur De Bord, Radar De Recul, Régulateur De Vitesse, Système De Navigation/GPS, Verrouillage Centralisé À Distance, Vitres Électriques",Tétouan,56_Hyundai_i30
57,Bottes de motocross -Tiger,1 700 DH,2025-02-27 23:44:43,N/A,N/A,N/A,highperShopBadge Icon,"Pièces et accessoires pour véhicules, à vendre",Hay Riad,N/A,N/A,N/A,N/A,N/A,N/A,N/A,N/A,N/A,Rabat,57_Bottes_de_motocross_-Tiger
58,Touareg Rline,650 000 DH,2025-02-27 23:44:44,2022,Diesel,Automatique,Mehdi,"Voitures d'occasion, à vendre",Zone Industrielle,40 000 - 44 999,Volkswagen,Touareg,5,WW au Maroc,Non,11 CV,Excellent,"ABS, Airbags, CD/MP3/Bluetooth, Caméra De Recul, Climatisation, ESP, Jantes Aluminium, Limiteur De Vitesse, Ordinateur De Bord, Radar De Recul, Régulateur De Vitesse, Sièges Cuir, Système De Navigation/GPS, Toit Ouvrant, Verrouillage Centralisé À Distance, Vitres Électriques",Casablanca,58_Touareg_Rline
59,talisman intens,220 000 DH,2025-02-27 23:44:44,2019,Diesel,Automatique,RESIDENCE,"Voitures d'occasion, à vendre",Abdelmoumen,100 000 - 109 999,Renault,Talisman,N/A,WW au Maroc,N/A,6 CV,Excellent,"ABS, Airbags, Caméra De Recul, Climatisation, ESP, Jantes Aluminium, Limiteur De Vitesse, Ordinateur De Bord, Radar De Recul, Régulateur De Vitesse, Sièges Cuir, Système De Navigation/GPS, Verrouillage Centralisé À Distance, Vitres Électriques",Casablanca,59_talisman_intens
60,R 19 essence model 1992 diwana 2007,28 000 DH,2025-02-27 23:44:44,N/A,Essence,Manuelle,rayan rayan,"Voitures d'occasion, à vendre",Toute la ville,200 000 - 249 999,Renault,19,5,Dédouanée,Non,8 CV,Bon,N/A,Guelmim,60_R_19_essence_model_1992_diwana_2007
61,sym symphony s 50,Prix non spécifié,2025-02-27 23:44:44,2019,N/A,N/A,يحيى سدري,"Motos, à vendre",Bouskoura centre,N/A,N/A,N/A,N/A,N/A,Non,N/A,Bon,N/A,Bouskoura,61_sym_symphony_s_50
62,Mercedes-Benz 220,145 000 DH,2025-02-27 23:44:44,2009,Diesel,Automatique,Amine TIRICH,"Voitures d'occasion, à vendre",Bab Fès,20 000 - 24 999,Mercedes-Benz,220,5,Dédouanée,Non,8 CV,Excellent,"ABS, Airbags, CD/MP3/Bluetooth, Caméra De Recul, Climatisation, ESP, Jantes Aluminium, Limiteur De Vitesse, Ordinateur De Bord, Radar De Recul, Régulateur De Vitesse, Sièges Cuir, Système De Navigation/GPS, Verrouillage Centralisé À Distance, Vitres Électriques",Kénitra,62_Mercedes-Benz_220
63,Gaz Go Cart 1500 Watts,19 800 DH,2025-02-27 23:43:44,2024,N/A,N/A,highperShopBadge Icon,"Motos, à vendre",Centre ville,N/A,N/A,N/A,N/A,Importée neuve,Oui,N/A,Neuf,N/A,Tanger,63_Gaz_Go_Cart_1500_Watts
64,Location Voiture Clio5,250 DH,2025-02-27 23:43:44,N/A,N/A,N/A,OUSSAMA LUXURY CARSShopBadge Icon,"Voitures de location, à louer",Guéliz,N/A,N/A,N/A,N/A,N/A,N/A,N/A,N/A,N/A,Marrakech,64_Location_Voiture_Clio5
65,Porsche Cayenne Coupé Essence Automatique 2020,Prix non spécifié,2025-02-27 23:42:44,2020,Essence,Automatique,GTS autoShopBadge Icon,"Voitures d'occasion, à vendre",Californie,75 000 - 79 999,Porsche,Cayenne,5,Importée neuve,Oui,12 CV,Excellent,"ABS, Airbags, CD/MP3/Bluetooth, Caméra De Recul, Climatisation, ESP, Jantes Aluminium, Limiteur De Vitesse, Ordinateur De Bord, Radar De Recul, Régulateur De Vitesse, Sièges Cuir, Système De Navigation/GPS, Toit Ouvrant, Verrouillage Centralisé À Distance, Vitres Électriques",Casablanca,65_Porsche_Cayenne_Coupé_Essence_Automatique_2020
66,Audi Q3 Diesel Automatique 2018 à Casablanca,Prix non spécifié,2025-02-27 23:43:44,2018,Diesel,Automatique,yahya,"Voitures d'occasion, à vendre",Californie,100 000 - 109 999,Audi,Q3,5,WW au Maroc,Oui,8 CV,Excellent,"ABS, Airbags, CD/MP3/Bluetooth, Caméra De Recul, Climatisation, ESP, Jantes Aluminium, Limiteur De Vitesse, Ordinateur De Bord, Radar De Recul, Régulateur De Vitesse, Sièges Cuir, Système De Navigation/GPS, Toit Ouvrant, Verrouillage Centralisé À Distance, Vitres Électriques",Casablanca,66_Audi_Q3_Diesel_Automatique_2018_à_Casablanca
67,gwada 2012,340 000 DH,2025-02-27 23:43:45,N/A,N/A,N/A,noni tofik,"Camions, à vendre",El Houda,N/A,N/A,N/A,N/A,N/A,N/A,N/A,N/A,N/A,Agadir,67_gwada_2012
68,Mercedes-Benz 310D,Prix non spécifié,2025-02-27 23:43:45,N/A,N/A,N/A,mohamed,"Fourgon et Minibus, à vendre",Al Mostakbal,N/A,N/A,N/A,N/A,N/A,N/A,N/A,N/A,N/A,Casablanca,68_Mercedes-Benz_310D
69,golf 5 akhir tmn 6,60 000 DH,2025-02-27 23:42:45,2004,Diesel,Manuelle,mahdi aftis,"Voitures d'occasion, à vendre",Al Alama,30 000 - 34 999,Volkswagen,Golf 5,5,Dédouanée,Non,8 CV,Très bon,"Jantes Aluminium, Sièges Cuir, Système De Navigation/GPS, Toit Ouvrant",Kénitra,69_golf_5_akhir_tmn_6
70,golf 5 akhir tmn 6,60 000 DH,2025-02-27 23:42:50,2004,Diesel,Manuelle,mahdi aftis,"Voitures d'occasion, à vendre",Al Alama,30 000 - 34 999,Volkswagen,Golf 5,5,Dédouanée,Non,8 CV,Très bon,"Jantes Aluminium, Sièges Cuir, Système De Navigation/GPS, Toit Ouvrant",Kénitra,70_golf_5_akhir_tmn_6
71,Chery Tiggo 7 Pro,115 000 DH,2025-02-27 23:42:50,2022,Essence,Manuelle,Salem Hajji,"Voitures d'occasion, à vendre",Autre secteur,30 000 - 34 999,Chery,Tiggo 7 Pro,5,WW au Maroc,Non,9 CV,Excellent,"ABS, Airbags, CD/MP3/Bluetooth, Caméra De Recul, Climatisation, ESP, Jantes Aluminium, Limiteur De Vitesse, Ordinateur De Bord, Radar De Recul, Sièges Cuir, Système De Navigation/GPS, Verrouillage Centralisé À Distance, Vitres Électriques",Casablanca,71_Chery_Tiggo_7_Pro
72,Location de voitures a Casablanca,Prix non spécifié,2025-02-27 23:37:50,N/A,N/A,N/A,vog car,"Voitures de location, à louer",Aïn Diab,N/A,N/A,N/A,N/A,N/A,N/A,N/A,N/A,N/A,Casablanca,72_Location_de_voitures_a_Casablanca
73,Location de clio 5 a Casablanca,Prix non spécifié,2025-02-27 23:36:50,N/A,N/A,N/A,vog car,"Voitures de location, à louer",Aïn Diab,N/A,N/A,N/A,N/A,N/A,N/A,N/A,N/A,N/A,Casablanca,73_Location_de_clio_5_a_Casablanca
74,Mercedes-Benz Classe E300de Electrique Automatique,620 000 DH,2025-02-27 23:41:50,2021,N/A,Automatique,Mohamed el bachiri,"Voitures d'occasion, à vendre",Centre ville,110 000 - 119 999,Mercedes-Benz,Classe E,5,Dédouanée,Non,5 CV,Excellent,"ABS, Airbags, CD/MP3/Bluetooth, Caméra De Recul, Climatisation, ESP, Jantes Aluminium, Limiteur De Vitesse, Ordinateur De Bord, Radar De Recul, Régulateur De Vitesse, Sièges Cuir, Système De Navigation/GPS, Verrouillage Centralisé À Distance, Vitres Électriques",Tanger,74_Mercedes-Benz_Classe_E300de_Electrique_Automatique
75,Renault R11 Essence Manuelle 1984 à Rabat,20 000 DH,2025-02-27 23:41:50,20 000,Essence,Manuelle,Ahmed,"Voitures d'occasion, à vendre",Aakkari,55 000 - 59 999,Renault,R11,5,Dédouanée,Non,6 CV,Très bon,N/A,Rabat,75_Renault_R11_Essence_Manuelle_1984_à_Rabat
76,Mercedes C220,48 000 DH,2025-02-27 23:38:51,N/A,Diesel,Manuelle,AUTO DOUBLE VOIE ShopBadge Icon,"Voitures d'occasion, à vendre",Bab Fès,200 000 - 249 999,Mercedes-Benz,Classe C,5,WW au Maroc,Non,9 CV,Bon,"ABS, Airbags, CD/MP3/Bluetooth, Climatisation, ESP, Jantes Aluminium, Limiteur De Vitesse, Ordinateur De Bord, Régulateur De Vitesse, Sièges Cuir, Verrouillage Centralisé À Distance, Vitres Électriques",Kénitra,76_Mercedes_C220
77,Spirit Mbk,5 800 DH,2025-02-27 23:41:51,2012,N/A,N/A,Waile,"Motos, à vendre",Hay Lazaret,N/A,N/A,N/A,N/A,Dédouanée,N/A,N/A,Très bon,N/A,Oujda,77_Spirit_Mbk
78,Suzuki Splash,66 000 DH,2025-02-27 23:41:51,2014,Essence,Manuelle,FZ,"Voitures d'occasion, à vendre",Anfa,110 000 - 119 999,Suzuki,Splash,5,WW au Maroc,Non,6 CV,Très bon,"ABS, Airbags, CD/MP3/Bluetooth, Climatisation, ESP",Casablanca,78_Suzuki_Splash
79,Location de voitures tous les aèroport du Maroc,Prix non spécifié,2025-02-27 23:38:51,N/A,N/A,N/A,1 service carShopBadge Icon,"Voitures de location, à louer",Autre secteur,N/A,N/A,N/A,N/A,N/A,N/A,N/A,N/A,N/A,Casablanca,79_Location_de_voitures_tous_les_aèroport_du_Maroc
80,Dacia Logan,150 000 DH,2025-02-27 23:41:51,2024,Essence,Automatique,new user,"Voitures d'occasion, à vendre",Toute la ville,10 000 - 14 999,Dacia,Logan,5,WW au Maroc,Oui,6 CV,Excellent,"CD/MP3/Bluetooth, Caméra De Recul, Climatisation, ESP, Jantes Aluminium, Limiteur De Vitesse, Ordinateur De Bord, Radar De Recul, Régulateur De Vitesse, Sièges Cuir, Système De Navigation/GPS, Verrouillage Centralisé À Distance, Vitres Électriques",Laâyoune,80_Dacia_Logan
81,Seat Ateca Diesel Automatique 2023 à Casablanca,Prix non spécifié,2025-02-27 23:36:51,2023,Diesel,Automatique,Promorent AutoShopBadge Icon,"Voitures d'occasion, à vendre",Bourgogne,20 000 - 24 999,Seat,Ateca,5,WW au Maroc,Oui,8 CV,Excellent,"ABS, Airbags, CD/MP3/Bluetooth, Caméra De Recul, Climatisation, ESP, Jantes Aluminium, Limiteur De Vitesse, Ordinateur De Bord, Radar De Recul, Régulateur De Vitesse, Système De Navigation/GPS, Toit Ouvrant, Verrouillage Centralisé À Distance, Vitres Électriques",Casablanca,81_Seat_Ateca_Diesel_Automatique_2023_à_Casablanca
82,Citroen C4,72 000 DH,2025-02-27 23:40:51,2008,Diesel,Manuelle,Hicham Boussairi,"Voitures d'occasion, à vendre",Centre Ville,30 000 - 34 999,Citroen,C4,N/A,WW au Maroc,Non,6 CV,Très bon,"CD/MP3/Bluetooth, Jantes Aluminium, Limiteur De Vitesse, Radar De Recul, Régulateur De Vitesse, Verrouillage Centralisé À Distance, Vitres Électriques",Temara,82_Citroen_C4
83,Sandero Stepway prestige,125 000 DH,2025-02-27 23:40:51,2020,Diesel,Manuelle,aboood,"Voitures d'occasion, à vendre",Afaq,0 - 4 999,Dacia,Sandero,N/A,N/A,N/A,6 CV,N/A,"Airbags, Climatisation, Jantes Aluminium",Marrakech,83_Sandero_Stepway_prestige
84,Gloves JXT,400 DH,2025-02-27 23:39:52,N/A,N/A,N/A,highperShopBadge Icon,"Pièces et accessoires pour véhicules, à vendre",Centre,N/A,N/A,N/A,N/A,N/A,N/A,N/A,N/A,N/A,Kénitra,84_Gloves_JXT
85,range rover velar,350 000 DH,2025-02-27 23:40:52,2018,Diesel,Automatique,Adam,"Voitures d'occasion, à vendre",Ain Sebaa,160 000 - 169 999,Land Rover,Range Rover Velar,5,WW au Maroc,Oui,8 CV,Excellent,"ABS, Airbags, CD/MP3/Bluetooth, Caméra De Recul, Climatisation, ESP, Jantes Aluminium, Limiteur De Vitesse, Ordinateur De Bord, Radar De Recul, Régulateur De Vitesse, Sièges Cuir, Système De Navigation/GPS, Toit Ouvrant, Verrouillage Centralisé À Distance, Vitres Électriques",Casablanca,85_range_rover_velar
86,bmw gs 650 f dakar,40 000 DH,2025-02-27 23:40:52,2005,N/A,N/A,Oussama Ch,"Motos, à vendre",Autre secteur,N/A,N/A,N/A,N/A,Dédouanée,Non,N/A,Bon,N/A,Casablanca,86_bmw_gs_650_f_dakar
87,Mercedes-Benz glk diwana 2019,192 000 DH,2025-02-27 23:40:52,2015,Diesel,Manuelle,med,"Voitures d'occasion, à vendre",Sidi Bouzid,200 000 - 249 999,Mercedes-Benz,Classe GLK,5,Dédouanée,Non,9 CV,Très bon,"ABS, Airbags, CD/MP3/Bluetooth, Climatisation, ESP, Jantes Aluminium, Limiteur De Vitesse, Ordinateur De Bord, Radar De Recul, Régulateur De Vitesse, Sièges Cuir, Système De Navigation/GPS, Toit Ouvrant, Verrouillage Centralisé À Distance, Vitres Électriques",Safi,87_Mercedes-Benz_glk_diwana_2019
88,Suzuki Splash,66 000 DH,2025-02-27 23:40:52,2014,Essence,Manuelle,FZ,"Voitures d'occasion, à vendre",Anfa,110 000 - 119 999,Suzuki,Splash,5,WW au Maroc,Oui,6 CV,Très bon,"ABS, Airbags, CD/MP3/Bluetooth, Climatisation, ESP",Casablanca,88_Suzuki_Splash
89,opel corsa gsline,180 000 DH,2025-02-27 23:39:52,2023,Diesel,Manuelle,yassin,"Voitures d'occasion, à vendre",Oulfa,25 000 - 29 999,Opel,Corsa,5,WW au Maroc,Oui,6 CV,Très bon,"Airbags, CD/MP3/Bluetooth, Climatisation, ESP, Jantes Aluminium, Limiteur De Vitesse, Ordinateur De Bord, Radar De Recul, Régulateur De Vitesse, Verrouillage Centralisé À Distance, Vitres Électriques",Casablanca,89_opel_corsa_gsline
90,i10 bon état,60 000 DH,2025-02-27 23:39:52,2009,Essence,Manuelle,Ahmed,"Voitures d'occasion, à vendre",Centre,10 000 - 14 999,Hyundai,i 10,5,Pas encore dédouanée,Non,6 CV,Très bon,"ABS, Caméra De Recul, Radar De Recul, Verrouillage Centralisé À Distance",Kénitra,90_i10_bon_état
91,داصيا دوستر,Prix non spécifié,2025-02-27 23:39:52,2019,Diesel,Manuelle,mohamed,"Voitures d'occasion, à vendre",Hay Salam,70 000 - 74 999,Dacia,Duster,N/A,N/A,N/A,6 CV,Excellent,"Airbags, CD/MP3/Bluetooth, Caméra De Recul, Climatisation, Jantes Aluminium, Limiteur De Vitesse, Régulateur De Vitesse, Vitres Électriques",Salé,91_داصيا_دوستر
92,Seat Ateca bva,265 000 DH,2025-02-27 23:37:53,2020,Diesel,Automatique,Amnir AutoShopBadge Icon,"Voitures d'occasion, à vendre",Al Maghrib Al Arabi,150 000 - 159 999,Seat,Ateca,5,Dédouanée,Oui,6 CV,Excellent,"ABS, Airbags, CD/MP3/Bluetooth, Caméra De Recul, Climatisation, ESP, Jantes Aluminium, Limiteur De Vitesse, Ordinateur De Bord, Radar De Recul, Régulateur De Vitesse, Système De Navigation/GPS, Verrouillage Centralisé À Distance, Vitres Électriques",Kénitra,92_Seat_Ateca_bva
93,Hyundai Elantra première main,Prix non spécifié,2025-02-27 23:38:53,2016,Diesel,Manuelle,Mohamed,"Voitures d'occasion, à vendre",Autre secteur,160 000 - 169 999,Hyundai,Elantra,5,WW au Maroc,Oui,6 CV,Très bon,"ABS, Airbags, CD/MP3/Bluetooth, Climatisation, ESP, Jantes Aluminium, Limiteur De Vitesse, Radar De Recul, Régulateur De Vitesse, Verrouillage Centralisé À Distance, Vitres Électriques",Temara,93_Hyundai_Elantra_première_main
94,maillot-motocross,400 DH,2025-02-27 23:37:53,N/A,N/A,N/A,highperShopBadge Icon,"Pièces et accessoires pour véhicules, à vendre",Centre Ville,N/A,N/A,N/A,N/A,N/A,N/A,N/A,N/A,N/A,Oujda,94_maillot-motocross
95,Kawasaki Z1000,Prix non spécifié,2025-02-27 23:38:53,2016,N/A,N/A,Jamal,"Motos, à vendre",Toute la ville,N/A,N/A,N/A,N/A,Dédouanée,Oui,N/A,Très bon,ABS/CBS,Ouarzazate,95_Kawasaki_Z1000
96,Touareg pour location,Prix non spécifié,2025-02-27 23:33:53,N/A,N/A,N/A,vog car,"Voitures de location, à louer",Abdelmoumen,N/A,N/A,N/A,N/A,N/A,N/A,N/A,N/A,N/A,Casablanca,96_Touareg_pour_location
97,Mercedes-Benz Classe E Diesel Manuelle 2013,165 000 DH,2025-02-27 23:38:53,2013,Diesel,Manuelle,abderahman,"Voitures d'occasion, à vendre",Branes 2,150 000 - 159 999,Mercedes-Benz,Classe E,5,WW au Maroc,Non,9 CV,Très bon,"ABS, Airbags, CD/MP3/Bluetooth, Climatisation, ESP, Jantes Aluminium, Limiteur De Vitesse, Ordinateur De Bord, Radar De Recul, Régulateur De Vitesse, Sièges Cuir, Verrouillage Centralisé À Distance, Vitres Électriques",Tanger,97_Mercedes-Benz_Classe_E_Diesel_Manuelle_2013
98,دراجة كهربائية,2 500 DH,2025-02-27 23:37:53,N/A,N/A,N/A,alaoui,"Vélos, à vendre",Toute la ville,N/A,N/A,N/A,N/A,N/A,N/A,N/A,N/A,N/A,Sidi Bennour,98_دراجة_كهربائية
99,اودي a3 عامرة,205 000 DH,2025-02-27 23:37:53,2013,Diesel,Automatique,Mounim Benattouma,"Voitures d'occasion, à vendre",Ahlane,150 000 - 159 999,Audi,A3,5,Dédouanée,Non,8 CV,Excellent,N/A,Tanger,99_اودي_a3_عامرة
100,Néoss yamaha,13 500 DH,2025-02-27 23:37:53,2009,N/A,N/A,Amin,"Motos, à vendre",Bab Doukkala,N/A,N/A,N/A,N/A,N/A,N/A,N/A,N/A,N/A,Marrakech,100_Néoss_yamaha
101,هوندا كزوال نقية,Prix non spécifié,2025-02-27 23:37:53,2020,Diesel,Manuelle,Ahmed Dra,"Voitures d'occasion, à vendre",Marjane 2,5 000 - 9 999,DFSK,ix 5,3,WW au Maroc,Oui,7 CV,Bon,Verrouillage Centralisé À Distance,Meknès,101_هوندا_كزوال_نقية
102,Mercedes-Benz Classe C Essence Automatique 1,95 000 DH,2025-02-27 23:36:54,N/A,Essence,Automatique,Ismail,"Voitures d'occasion, à vendre",Toute la ville,100 000 - 109 999,Mercedes-Benz,Classe C,5,Dédouanée,Oui,9 CV,Très bon,N/A,Sidi Bou Othmane,102_Mercedes-Benz_Classe_C_Essence_Automatique_1
103,mitsubishi pajero off-road,Prix non spécifié,2025-02-27 23:36:54,N/A,Diesel,Manuelle,ganani yassine,"Voitures d'occasion, à vendre",Bab Fès,100 000 - 109 999,Mitsubishi,Pajero,3,Dédouanée,Non,9 CV,Excellent,"Jantes Aluminium, Vitres Électriques",Kénitra,103_mitsubishi_pajero_off-road
104,Volkswagen Caddy,215 000 DH,2025-02-27 23:36:54,2019,Diesel,Manuelle,smail ben azkri,"Voitures d'occasion, à vendre",Sidi Maarouf,140 000 - 149 999,Volkswagen,Caddy,5,WW au Maroc,Non,8 CV,Très bon,N/A,Casablanca,104_Volkswagen_Caddy
